ProfileID,Age,GenderEncoded,RegionEncoded,EducationEncoded,FieldOfStudyEncoded,ExperienceYears,YearsSinceGraduation,YearsGap,DigitalSkillEncoded,EnglishLevelEncoded,CurrentEmploymentStatusEncoded,DesiredIndustryEncoded,PreferredJobTypeEncoded,TechSkillCount,SoftSkillCount,HasPythonSkill,HasDigitalMarketing,CertificationsCount
1,23,0,26,2,2,0,1,1,1,1,1,6,2,2,2,0,1,2
2,23,1,22,1,5,2,3,1,0,0,2,7,0,3,2,0,0,0
3,25,1,23,1,8,0,6,6,1,2,0,1,1,4,2,1,1,1
4,19,0,8,4,9,0,1,1,1,1,0,6,1,4,3,0,0,2
5,24,0,19,4,6,1,5,4,1,1,1,4,1,3,3,0,0,1
6,20,1,6,4,8,0,0,0,2,0,0,5,3,3,3,0,0,2
7,25,0,18,1,8,4,4,0,0,1,4,2,1,2,2,0,0,1
8,25,1,7,5,2,1,4,3,2,2,1,6,2,2,2,0,0,0
9,23,0,8,3,0,2,3,1,1,1,4,3,3,3,2,0,0,0
10,19,1,12,5,3,0,1,1,1,0,3,9,1,4,3,0,0,0
11,18,0,25,4,0,0,0,0,1,0,1,3,1,2,2,0,0,1
12,26,0,13,1,5,1,8,7,2,2,1,6,1,2,3,0,0,0
13,27,0,2,2,7,7,8,1,2,0,1,5,3,4,2,1,0,0
14,21,0,24,4,5,1,1,0,2,2,5,5,3,4,3,0,1,1
15,18,1,22,5,2,0,0,0,1,1,4,9,1,4,2,0,1,0
16,25,1,19,4,6,4,8,4,0,0,1,2,3,2,3,0,0,1
17,23,0,20,4,9,3,5,2,0,0,5,0,0,2,3,0,0,0
18,29,0,25,5,4,8,9,1,2,0,5,8,0,2,3,0,0,3
19,28,1,12,5,5,0,0,0,1,0,1,3,0,2,2,0,0,1
20,22,1,1,5,0,0,1,1,2,0,5,6,0,3,3,0,0,0
21,21,0,27,3,5,0,3,3,1,1,5,7,3,4,2,0,0,2
22,22,1,15,1,6,3,5,2,1,1,0,3,2,4,2,0,0,1
23,21,0,15,1,3,0,1,1,2,1,0,6,1,4,2,0,0,3
24,24,0,15,5,4,3,3,0,1,0,0,8,3,3,3,0,0,3
25,24,1,15,5,0,3,5,2,1,1,3,9,2,2,3,0,0,2
26,19,0,28,3,3,0,0,0,1,2,4,0,1,3,3,0,1,1
27,19,1,27,5,4,0,0,0,1,2,5,7,2,4,3,0,0,1
28,26,1,11,5,8,2,2,0,1,2,0,8,3,4,2,0,0,1
29,23,0,8,3,4,3,6,3,2,0,4,9,3,3,2,1,1,2
30,20,0,2,1,7,0,0,0,1,0,5,5,3,2,2,0,0,1
31,22,1,23,4,6,2,2,0,1,0,1,8,0,4,3,0,1,0
32,19,0,6,3,6,0,1,1,1,2,5,9,2,3,3,0,0,3
33,19,1,20,2,1,1,1,0,2,0,2,1,0,4,2,0,0,2
34,21,1,9,3,5,3,3,0,0,0,5,3,0,4,3,0,0,1
35,23,0,9,4,9,0,0,0,2,1,5,5,0,2,2,0,0,1
36,24,1,3,5,0,1,4,3,1,1,4,8,0,3,2,0,0,3
37,22,0,22,0,0,0,0,0,2,1,5,3,3,4,3,0,0,1
38,24,1,26,5,5,1,3,2,2,0,5,9,3,2,3,0,0,0
39,22,1,15,3,0,2,2,0,1,2,5,6,1,4,2,0,1,1
40,20,0,6,1,5,2,2,0,1,0,0,4,3,4,2,1,0,3
41,19,1,14,4,6,2,2,0,1,0,1,7,2,2,3,0,0,2
42,21,1,23,2,6,0,3,3,1,0,5,7,3,4,2,1,0,2
43,23,0,23,1,4,1,2,1,0,1,4,5,1,4,3,0,0,1
44,21,0,25,1,0,2,2,0,1,1,3,4,1,3,2,0,0,2
45,22,1,25,1,1,2,4,2,0,0,5,5,2,2,3,0,0,1
46,28,1,3,5,2,3,3,0,2,1,4,4,2,3,2,1,0,2
47,23,0,23,4,5,5,6,1,0,0,2,2,0,4,3,0,1,2
48,23,1,14,5,4,0,5,5,1,0,0,6,2,2,2,0,0,1
49,23,0,2,3,6,0,1,1,2,1,3,3,2,4,3,0,0,3
50,26,1,0,5,3,4,9,5,1,1,5,2,1,3,3,0,0,3
51,22,1,1,3,7,0,5,5,0,1,1,2,1,4,2,0,0,1
52,27,1,27,2,8,0,2,2,0,0,3,3,1,4,2,0,0,3
53,24,0,16,4,9,3,3,0,0,2,5,7,3,3,3,0,0,0
54,20,0,17,0,2,2,2,0,2,0,1,2,2,2,2,1,0,0
55,25,1,3,3,8,6,8,2,1,1,1,6,2,4,2,1,0,3
56,25,0,21,1,1,0,5,5,1,0,4,4,3,4,2,1,0,0
57,24,0,5,3,5,0,0,0,0,0,4,2,1,2,2,0,0,1
58,21,1,14,4,0,0,3,3,1,1,2,9,3,3,3,1,0,3
59,18,0,25,4,2,0,0,0,1,0,5,5,0,3,3,0,0,2
60,23,1,2,3,0,1,1,0,1,0,5,4,2,3,3,0,0,2
61,24,0,4,4,6,1,5,4,1,1,0,1,3,3,3,1,0,0
62,22,1,18,2,8,0,0,0,0,1,2,5,1,3,3,0,0,2
63,22,0,17,4,9,3,5,2,2,1,1,6,1,3,2,0,0,2
64,24,1,19,4,5,0,0,0,2,1,3,4,2,3,3,0,0,2
65,26,0,19,0,2,0,0,0,1,0,4,2,0,3,3,0,0,1
66,24,1,5,5,7,0,5,5,1,1,3,4,3,3,3,0,0,0
67,19,0,17,2,8,0,1,1,2,1,0,7,0,4,2,0,0,1
68,24,0,16,2,6,0,2,2,2,0,4,0,3,2,3,0,0,0
69,20,0,11,0,7,2,2,0,2,1,4,1,0,2,3,0,1,1
70,19,1,13,1,3,0,0,0,1,2,1,6,1,2,3,0,0,1
71,24,0,10,4,2,0,5,5,1,1,3,2,1,3,3,0,1,1
72,19,1,7,2,1,0,1,1,1,2,2,9,3,4,3,0,0,1
73,25,0,15,2,7,0,1,1,1,2,0,5,2,2,2,0,0,1
74,23,0,29,2,7,3,5,2,2,0,1,4,1,3,3,0,0,3
75,24,0,28,0,6,4,5,1,0,1,3,6,0,2,3,0,0,0
76,25,1,18,5,6,0,0,0,2,1,5,6,0,2,2,0,0,0
77,22,1,2,3,0,0,3,3,0,0,5,0,2,2,3,0,0,1
78,22,0,19,5,8,0,3,3,1,1,2,2,2,2,2,0,0,1
79,26,1,20,1,8,8,8,0,2,2,4,7,0,3,3,0,1,0
80,24,1,19,3,3,2,2,0,1,1,0,0,3,4,2,1,0,1
81,26,1,26,2,6,2,3,1,1,1,1,1,0,2,3,0,0,3
82,23,1,5,2,6,4,6,2,2,0,3,7,1,4,3,0,1,2
83,23,0,8,5,8,2,2,0,0,0,1,8,3,4,2,0,0,0
84,24,1,19,2,3,0,0,0,1,2,5,6,1,4,2,0,0,2
85,24,1,24,3,8,3,7,4,0,0,1,4,1,2,3,0,1,2
86,22,1,15,3,2,4,4,0,2,0,4,0,0,4,2,0,0,1
87,27,0,6,4,4,5,6,1,1,1,2,5,3,2,3,0,1,0
88,27,0,21,1,7,0,0,0,1,0,4,3,0,4,3,0,1,1
89,25,1,10,3,6,4,5,1,2,2,4,5,0,4,3,0,0,1
90,26,1,8,4,6,0,0,0,1,1,5,5,1,3,2,0,0,1
91,25,1,19,4,6,0,0,0,0,2,3,0,0,4,3,0,0,0
92,25,0,21,5,2,2,3,1,2,0,0,4,0,4,3,0,0,0
93,24,0,1,4,4,4,7,3,0,1,0,0,3,3,3,0,0,1
94,26,1,16,3,9,7,7,0,2,2,4,5,0,2,3,0,0,2
95,20,0,7,5,9,2,2,0,0,1,0,2,1,4,3,1,0,1
96,26,0,15,1,2,1,6,5,1,0,3,5,2,4,3,1,0,1
97,22,1,20,3,5,5,5,0,1,1,0,3,1,3,3,0,0,1
98,25,1,18,2,2,6,8,2,0,1,5,0,0,2,3,0,1,1
99,22,0,14,0,6,1,4,3,2,1,0,3,3,2,3,0,0,3
100,22,1,17,1,9,1,1,0,1,1,1,6,1,4,2,1,0,1
101,27,0,27,4,8,2,5,3,1,1,0,0,2,3,2,0,0,2
102,23,0,0,3,5,1,4,3,2,2,1,7,0,2,2,0,0,1
103,21,1,12,2,7,1,2,1,1,1,5,1,1,2,3,0,0,2
104,25,0,1,2,2,1,2,1,2,1,0,7,2,4,3,0,1,3
105,25,1,21,1,9,1,2,1,0,1,0,5,2,2,2,0,0,1
106,22,0,18,1,6,2,5,3,1,1,2,3,3,2,2,0,0,3
107,26,0,28,3,9,2,6,4,0,1,1,7,2,2,3,0,0,1
108,24,1,22,3,9,3,4,1,1,1,0,3,1,3,2,0,0,2
109,23,0,24,0,2,0,3,3,2,0,3,9,1,2,3,0,0,1
110,24,0,6,2,2,2,4,2,2,2,1,0,2,4,3,1,0,1
111,18,0,1,2,5,0,0,0,0,1,1,9,1,3,3,0,0,0
112,24,0,27,2,6,0,0,0,2,1,2,9,1,3,2,0,0,3
113,27,1,18,3,1,1,6,5,1,1,3,9,0,3,3,0,0,2
114,21,1,9,2,6,0,3,3,1,0,4,2,2,3,2,0,0,1
115,27,0,2,1,4,2,2,0,0,0,2,4,1,4,2,1,1,0
116,22,1,0,4,2,3,4,1,1,1,0,5,2,4,2,0,0,2
117,25,0,10,3,0,0,2,2,0,1,5,5,0,3,3,0,1,3
118,19,1,9,0,9,0,2,2,2,1,0,8,3,4,3,0,1,1
119,27,1,13,2,4,0,8,8,2,2,4,3,1,4,2,0,1,2
120,21,1,2,3,7,0,0,0,2,1,1,1,2,3,3,0,0,1
121,22,0,5,4,3,0,2,2,1,1,4,7,0,3,3,0,1,0
122,25,0,24,1,3,8,8,0,1,0,5,6,0,3,3,0,0,1
123,24,1,11,2,7,0,2,2,2,0,5,6,0,3,3,0,0,0
124,25,1,21,2,1,3,5,2,1,2,1,5,1,3,3,0,0,1
125,22,1,8,3,5,0,2,2,0,0,1,0,3,4,2,0,0,0
126,25,1,5,0,7,6,6,0,1,1,0,5,2,4,3,1,0,2
127,29,0,12,3,9,6,6,0,1,1,4,6,0,2,2,0,0,1
128,25,1,11,1,0,3,4,1,0,0,1,0,0,3,3,0,0,1
129,21,1,13,4,9,2,2,0,2,2,1,3,1,4,3,0,0,1
130,28,1,19,3,8,3,3,0,1,1,2,3,0,4,3,0,1,0
131,20,1,14,0,7,1,2,1,0,1,2,2,3,4,3,0,0,2
132,21,1,4,4,1,3,3,0,2,1,0,0,1,3,3,0,0,3
133,26,1,5,1,6,6,7,1,1,1,1,4,1,2,2,0,0,1
134,18,0,15,0,5,0,1,1,1,0,0,1,3,4,2,0,0,2
135,20,1,22,1,2,0,0,0,2,1,0,5,2,2,2,0,0,1
136,27,0,6,4,3,2,4,2,1,2,3,6,1,3,2,1,0,2
137,19,1,23,2,8,1,1,0,1,1,1,6,2,4,3,0,0,2
138,23,0,1,5,0,4,6,2,1,2,1,4,0,3,2,0,0,2
139,19,0,1,4,3,0,0,0,1,2,3,0,0,2,3,0,1,2
140,19,1,0,0,9,2,2,0,0,1,4,6,3,2,2,0,1,1
141,21,0,22,5,4,1,3,2,1,0,4,6,3,3,3,0,0,1
142,18,0,9,1,0,0,0,0,0,1,3,3,3,2,3,0,0,2
143,23,0,19,3,9,2,2,0,2,2,1,3,1,4,3,1,0,1
144,27,0,29,5,3,1,5,4,1,2,3,9,1,3,2,0,1,0
145,19,0,10,1,3,1,1,0,1,0,0,5,1,3,2,0,1,1
146,23,1,19,3,2,1,6,5,2,0,3,4,3,3,2,0,0,1
147,24,1,1,4,6,2,2,0,0,0,1,8,0,3,3,0,1,1
148,19,0,5,5,9,0,0,0,2,1,1,6,1,4,2,1,0,1
149,18,1,2,3,6,0,1,1,1,1,2,2,3,4,2,1,0,3
150,21,1,0,5,1,1,2,1,2,1,5,2,0,4,3,0,0,0
151,19,0,1,3,1,0,0,0,2,1,1,2,3,2,3,0,0,2
152,22,1,18,5,3,3,4,1,1,1,1,6,3,4,3,1,1,1
153,22,1,6,2,1,0,2,2,2,0,2,5,3,2,3,0,0,0
154,19,0,24,1,5,1,1,0,0,0,2,2,3,2,2,0,0,1
155,22,1,24,4,0,3,3,0,1,1,4,6,1,2,2,1,0,2
156,29,1,28,0,3,0,4,4,2,0,1,4,1,2,2,0,0,0
157,20,1,4,1,3,0,2,2,0,0,3,0,3,4,3,0,0,0
158,23,0,0,4,8,4,6,2,2,2,0,8,2,4,3,0,0,1
159,22,0,6,3,1,0,2,2,0,1,5,5,1,2,2,0,0,2
160,23,1,20,0,5,3,6,3,1,2,1,0,1,4,2,0,0,2
161,23,0,6,4,0,1,4,3,2,1,5,5,1,2,3,0,0,1
162,24,1,8,5,7,0,5,5,1,2,3,6,0,3,3,0,0,2
163,24,0,8,3,8,1,4,3,2,0,2,5,2,4,2,1,0,1
164,20,0,27,5,9,0,1,1,0,1,2,1,2,2,2,0,0,1
165,26,0,2,1,8,1,2,1,1,1,0,6,2,4,2,0,1,1
166,24,0,11,4,1,1,6,5,1,1,1,6,0,4,2,0,0,0
167,26,1,7,1,0,4,8,4,1,0,4,7,2,2,2,1,0,1
168,23,1,1,4,5,1,1,0,0,1,4,7,2,3,3,0,1,1
169,21,0,13,5,9,0,4,4,2,1,4,1,2,4,3,1,0,1
170,24,0,28,1,7,0,2,2,0,1,1,0,1,2,3,1,0,3
171,23,0,18,5,0,0,0,0,1,1,5,2,2,2,3,0,0,0
172,29,1,1,0,3,1,1,0,0,2,1,2,2,4,2,1,0,0
173,25,1,9,2,3,4,7,3,0,0,2,2,0,3,2,0,0,2
174,21,0,5,0,1,0,0,0,1,2,3,4,0,2,2,0,0,1
175,24,1,21,4,2,0,0,0,2,1,5,1,2,4,3,0,0,3
176,22,1,19,2,9,1,1,0,1,1,5,7,3,2,2,0,0,1
177,28,1,21,3,0,2,7,5,1,1,4,2,0,4,3,0,0,1
178,18,1,24,4,8,1,1,0,2,0,4,2,0,3,2,0,0,3
179,21,0,10,0,0,1,2,1,0,1,2,5,1,3,3,0,0,2
180,19,1,15,1,0,1,2,1,1,1,1,1,3,2,3,0,0,1
181,18,1,4,0,8,0,0,0,0,1,1,7,0,3,2,1,0,3
182,24,1,23,5,3,0,2,2,1,1,4,8,3,3,2,0,0,0
183,18,1,19,1,7,0,0,0,1,2,1,9,1,2,2,0,0,0
184,27,0,27,2,4,0,1,1,2,0,2,5,0,3,3,0,0,0
185,23,1,16,1,4,0,0,0,1,1,5,2,3,4,2,1,0,1
186,24,0,6,2,5,0,0,0,1,0,0,5,1,3,3,0,0,1
187,27,0,6,2,2,2,6,4,2,1,1,4,0,2,2,0,0,0
188,18,1,14,4,0,0,0,0,1,1,1,2,2,2,2,0,0,2
189,27,1,28,4,3,2,2,0,1,0,1,5,0,4,2,0,1,3
190,26,1,22,3,9,6,7,1,1,1,4,8,1,2,3,0,0,2
191,27,0,14,3,1,1,2,1,0,0,3,8,3,3,2,0,0,1
192,19,1,8,1,8,2,2,0,1,0,1,5,3,2,3,0,0,2
193,24,1,1,2,2,3,6,3,0,0,3,5,2,2,3,0,0,0
194,23,1,26,1,8,0,6,6,0,2,0,9,1,4,2,1,0,1
195,23,0,7,3,0,0,1,1,1,2,1,2,0,4,2,1,0,1
196,22,0,19,5,9,1,3,2,1,1,2,6,2,2,3,0,0,3
197,20,0,14,0,7,0,1,1,1,0,3,5,0,4,3,0,0,2
198,22,1,20,3,6,4,5,1,2,1,1,9,1,2,3,0,0,2
199,18,1,7,3,2,1,1,0,0,1,4,0,3,4,3,1,0,2
200,20,1,20,4,9,0,3,3,1,1,0,3,2,2,2,0,0,1
201,25,0,13,0,9,3,7,4,0,1,0,5,1,4,2,0,0,2
202,23,1,2,1,8,2,4,2,2,1,5,1,2,4,2,1,0,1
203,18,1,8,1,7,0,0,0,1,1,5,3,0,3,3,0,0,2
204,22,1,17,5,1,0,1,1,1,0,1,6,2,3,3,0,0,1
205,23,1,1,4,0,4,6,2,1,1,5,3,2,2,3,0,0,1
206,24,0,6,4,7,1,2,1,1,1,5,2,2,3,3,0,0,1
207,28,1,29,2,2,1,8,7,2,1,0,2,2,3,2,0,0,0
208,25,0,10,2,1,1,2,1,1,2,2,1,3,4,2,1,0,1
209,23,1,3,2,1,1,3,2,2,0,1,3,3,2,3,1,0,2
210,18,1,29,3,8,1,1,0,1,1,5,2,3,2,3,0,0,1
211,25,0,28,2,5,3,3,0,2,1,0,1,2,3,3,0,0,2
212,23,1,23,5,4,0,1,1,2,2,4,6,3,4,2,0,0,1
213,22,1,12,3,9,2,5,3,2,1,4,1,3,4,3,0,0,2
214,24,1,28,2,5,3,7,4,2,1,4,3,0,3,2,1,0,2
215,20,0,19,2,4,2,3,1,1,2,4,2,2,2,3,0,0,3
216,21,0,23,1,3,0,1,1,1,0,4,0,0,4,2,0,0,1
217,24,1,25,0,6,0,2,2,1,0,0,8,1,3,2,0,0,1
218,23,0,0,4,1,3,6,3,1,1,1,0,0,2,2,0,0,1
219,18,0,26,3,2,0,0,0,2,2,0,9,3,2,2,0,0,1
220,22,1,9,1,1,3,3,0,1,2,1,5,3,3,2,0,0,1
221,28,1,24,4,3,1,8,7,1,1,5,1,2,3,3,0,0,1
222,23,1,29,3,2,3,3,0,2,1,3,2,0,4,3,0,0,1
223,20,1,18,4,3,0,3,3,0,2,3,5,2,2,2,0,1,2
224,20,0,12,0,1,2,2,0,0,0,2,0,2,3,3,0,0,2
225,19,0,15,4,3,1,1,0,1,1,0,9,3,4,3,0,1,2
226,18,1,6,0,6,0,1,1,1,0,4,2,0,2,3,0,0,2
227,21,1,24,5,8,0,3,3,2,1,2,3,1,3,2,0,0,1
228,18,1,4,4,0,0,0,0,1,0,0,0,1,3,3,0,0,2
229,24,0,1,5,2,0,7,7,0,1,4,4,0,4,2,0,0,1
230,24,0,11,3,8,0,7,7,1,1,0,0,2,2,3,0,0,1
231,21,0,21,1,1,1,1,0,1,1,5,4,2,2,3,0,0,0
232,22,1,9,3,2,2,5,3,0,1,1,3,1,4,3,0,0,2
233,24,0,21,4,7,0,2,2,2,0,1,6,2,4,3,0,0,0
234,22,1,25,0,0,1,4,3,0,0,5,9,2,4,3,0,1,1
235,25,0,7,2,4,2,4,2,1,1,1,1,2,3,2,0,0,3
236,24,1,15,1,4,0,1,1,0,1,4,7,3,2,2,0,0,1
237,27,1,20,4,1,2,5,3,0,1,1,2,2,2,3,0,0,3
238,27,1,29,3,5,4,7,3,1,0,5,8,1,3,2,0,0,1
239,19,1,14,1,1,0,0,0,0,1,5,7,2,2,3,0,1,1
240,20,0,10,5,5,0,1,1,2,1,0,2,2,2,2,0,0,0
241,25,0,20,4,6,0,1,1,2,0,3,4,0,3,2,1,1,2
242,25,1,18,4,8,3,4,1,0,0,2,3,2,3,3,1,0,1
243,25,1,29,3,1,8,8,0,2,1,5,1,3,4,3,0,0,1
244,27,0,4,4,6,0,0,0,1,0,2,3,1,3,2,1,1,2
245,24,1,11,3,6,3,5,2,1,0,5,0,0,2,3,0,0,1
246,29,0,11,2,0,8,9,1,2,1,3,2,0,3,2,0,0,2
247,21,0,7,1,0,3,4,1,0,0,5,7,0,2,2,0,0,0
248,20,0,15,1,9,0,0,0,1,2,0,9,0,2,2,0,0,2
249,20,0,7,5,2,2,2,0,2,1,0,6,0,2,2,0,0,1
250,27,0,20,0,7,2,9,7,1,1,2,5,0,4,2,0,0,1
251,21,0,10,2,7,1,2,1,1,1,1,1,1,4,3,0,0,0
252,24,0,9,4,8,1,2,1,2,2,5,1,3,4,2,0,0,1
253,25,1,12,2,3,0,4,4,1,1,5,6,0,3,3,0,0,2
254,22,0,1,1,3,0,0,0,1,2,1,7,3,3,2,1,0,2
255,28,0,6,0,4,0,1,1,1,1,4,1,3,3,3,1,0,1
256,22,1,12,1,8,1,1,0,1,1,0,9,1,2,3,0,1,2
257,24,0,22,0,4,1,4,3,0,1,1,4,1,3,3,1,0,2
258,25,1,22,5,4,0,4,4,1,2,5,4,3,3,2,0,0,2
259,22,1,25,2,0,4,5,1,2,0,5,5,0,2,2,0,0,2
260,19,0,1,4,1,1,2,1,2,1,1,6,0,3,2,0,1,3
261,25,1,17,1,3,0,2,2,1,1,0,3,0,2,2,0,0,1
262,22,0,23,0,4,0,0,0,1,1,1,3,2,2,3,0,0,1
263,19,0,27,2,9,0,0,0,1,2,1,7,1,4,2,0,1,2
264,21,0,22,3,1,3,3,0,1,1,1,2,1,2,2,0,0,2
265,23,0,18,4,5,3,6,3,2,2,3,1,1,3,2,0,0,0
266,24,0,19,5,0,1,3,2,0,0,1,4,2,4,3,0,0,1
267,18,0,26,4,2,0,0,0,0,0,3,8,1,3,3,0,0,1
268,25,0,17,5,6,7,7,0,2,1,4,5,1,3,2,0,0,1
269,25,0,5,0,4,2,2,0,1,0,2,1,3,4,3,0,0,1
270,24,1,25,4,6,0,0,0,1,1,1,2,1,2,2,0,0,0
271,23,1,1,5,4,0,1,1,1,1,3,6,3,2,2,0,0,0
272,23,0,6,5,5,4,5,1,0,0,1,8,3,3,2,0,0,3
273,20,1,27,5,7,0,3,3,2,0,0,2,0,4,2,0,0,3
274,28,0,26,5,5,3,4,1,1,0,0,5,0,2,3,0,0,2
275,23,1,29,4,0,0,5,5,1,0,0,7,2,2,2,0,0,2
276,23,0,16,2,4,4,4,0,1,0,0,1,2,4,3,0,0,2
277,19,1,2,1,4,1,1,0,0,1,2,9,0,4,2,0,0,2
278,19,1,17,2,1,0,0,0,0,1,1,5,2,2,3,0,0,1
279,19,1,6,2,8,1,2,1,2,1,4,3,3,3,2,0,0,3
280,27,0,19,4,5,0,1,1,2,0,3,9,3,2,2,1,0,3
281,28,0,20,0,8,2,3,1,2,0,0,4,3,3,2,0,0,1
282,24,0,3,1,3,1,4,3,0,2,0,0,3,3,3,0,0,1
283,26,1,3,4,6,8,9,1,1,1,3,1,0,3,3,0,1,2
284,24,0,12,2,6,7,7,0,2,0,1,5,0,3,3,0,0,0
285,21,0,16,3,3,4,4,0,2,0,2,6,0,4,3,0,1,2
286,23,1,5,4,5,1,1,0,0,1,2,9,1,2,3,0,1,1
287,24,1,10,4,7,2,6,4,1,1,4,0,3,2,3,0,0,1
288,23,1,3,3,5,2,5,3,0,2,2,1,3,4,3,0,0,0
289,24,0,4,3,9,5,6,1,1,1,3,9,1,4,3,0,0,1
290,21,1,13,4,8,0,0,0,1,1,3,0,3,2,3,0,0,1
291,23,0,4,4,2,1,3,2,1,0,1,5,0,2,3,1,0,3
292,26,1,21,5,8,3,4,1,1,1,0,3,2,4,3,1,1,1
293,18,1,29,3,7,0,1,1,2,2,2,5,0,2,2,0,0,2
294,26,0,24,4,6,1,7,6,2,0,2,2,1,4,2,0,0,3
295,22,1,1,3,5,1,1,0,2,1,4,6,1,4,2,0,0,1
296,24,1,13,3,8,0,1,1,2,1,5,9,1,3,2,0,0,0
297,27,0,11,4,2,5,8,3,0,1,1,2,0,3,3,0,0,1
298,22,0,22,4,1,0,0,0,2,0,4,4,0,2,2,0,0,2
299,27,1,6,3,3,0,1,1,0,0,0,5,1,2,3,0,0,3
300,22,0,22,3,3,2,5,3,2,1,5,8,2,3,3,1,0,1
301,24,0,18,4,9,1,6,5,1,0,3,2,3,2,3,0,1,0
302,26,1,3,3,7,1,4,3,1,2,0,9,2,3,2,0,1,3
303,18,1,24,2,1,1,1,0,2,2,0,1,0,2,2,0,0,0
304,21,0,29,2,2,0,3,3,1,1,4,4,1,2,2,1,0,1
305,21,0,27,5,4,0,3,3,2,0,2,8,2,2,3,0,0,3
306,20,0,28,1,0,0,0,0,0,1,5,0,3,2,2,1,0,2
307,26,0,11,0,0,0,1,1,1,2,1,7,0,2,2,0,0,2
308,25,0,5,4,0,1,2,1,2,1,4,3,3,2,2,0,0,0
309,22,1,12,2,3,3,5,2,1,0,0,9,2,3,2,1,0,2
310,19,1,16,4,4,0,0,0,2,1,4,1,1,3,2,1,0,2
311,26,0,2,4,1,2,5,3,2,0,0,4,3,2,2,1,0,1
312,28,1,17,3,1,8,9,1,1,0,0,1,1,2,2,0,0,2
313,26,0,9,4,4,1,6,5,2,1,4,1,1,3,2,0,0,0
314,25,0,21,4,6,7,7,0,1,1,5,2,1,4,2,0,0,1
315,24,1,29,3,0,1,3,2,1,1,1,5,1,4,3,1,0,1
316,21,1,25,1,7,0,1,1,1,0,2,3,1,3,2,0,1,0
317,23,0,29,1,0,1,6,5,0,1,2,1,2,4,2,0,1,2
318,22,0,20,0,1,2,2,0,0,1,1,1,3,2,3,0,0,1
319,25,1,15,1,7,3,7,4,0,1,5,2,2,3,3,1,1,1
320,25,0,19,2,9,0,1,1,0,1,4,0,0,2,3,0,0,0
321,21,1,15,1,5,1,1,0,1,1,0,2,1,2,3,0,0,1
322,29,0,28,0,4,1,4,3,0,0,5,2,3,2,3,0,0,1
323,24,0,13,5,6,1,2,1,2,0,0,8,0,3,2,0,0,0
324,24,0,24,3,2,5,7,2,2,2,0,9,0,4,3,0,0,3
325,23,1,22,0,7,1,1,0,1,0,0,3,1,3,3,0,1,1
326,23,1,27,1,3,0,0,0,1,1,3,7,0,2,3,0,0,1
327,24,1,14,3,4,5,6,1,0,0,0,6,1,2,3,0,0,0
328,21,1,23,1,6,1,4,3,2,2,5,4,3,3,3,0,0,0
329,26,1,26,2,0,1,2,1,0,1,4,2,2,2,3,0,0,2
330,26,1,19,2,0,0,9,9,0,0,4,1,2,4,3,1,0,0
331,18,1,6,4,6,0,0,0,1,2,1,2,0,4,2,0,0,1
332,23,1,4,1,6,0,1,1,2,1,1,9,3,3,2,0,1,1
333,26,0,2,3,9,1,5,4,1,0,2,3,1,4,2,0,0,1
334,21,0,18,3,7,0,3,3,2,0,0,5,3,3,2,1,0,2
335,25,0,10,4,4,0,5,5,2,2,1,5,0,3,2,0,0,1
336,29,1,7,5,2,0,8,8,0,0,5,9,2,3,2,0,0,3
337,23,1,24,5,6,0,0,0,2,0,2,2,3,2,2,0,0,1
338,24,0,3,2,4,2,6,4,0,1,1,4,0,2,2,0,0,1
339,20,1,16,5,2,0,1,1,1,0,5,7,3,2,3,0,0,1
340,26,1,4,2,5,1,7,6,2,1,5,0,3,2,3,1,1,2
341,22,1,25,4,3,3,4,1,0,0,0,4,0,4,2,0,0,1
342,22,0,19,1,9,0,0,0,2,1,2,0,2,3,3,0,0,1
343,20,1,12,5,9,1,2,1,1,0,4,1,0,4,2,0,0,3
344,25,1,21,3,2,1,3,2,1,1,1,6,0,2,2,0,0,0
345,25,0,16,3,0,0,0,0,1,1,0,4,3,4,3,0,0,3
346,22,1,29,5,0,1,4,3,2,0,1,7,1,4,3,0,1,1
347,22,1,18,3,7,2,3,1,2,1,0,4,1,2,3,0,0,3
348,21,0,13,3,1,0,0,0,1,0,4,2,2,3,3,0,1,1
349,24,0,23,2,9,3,4,1,1,2,3,8,1,2,2,0,0,2
350,24,0,19,5,7,0,7,7,2,2,5,2,3,3,2,0,1,1
351,29,1,14,2,5,0,1,1,1,1,5,5,2,4,2,0,0,3
352,21,0,28,5,9,0,0,0,1,1,4,9,2,3,3,0,0,0
353,21,0,18,2,6,3,4,1,1,2,5,6,1,3,3,0,0,1
354,18,1,22,0,2,0,1,1,2,0,2,4,2,4,2,0,0,0
355,23,0,25,4,7,0,0,0,1,1,4,7,1,4,2,0,1,2
356,20,0,0,3,9,1,2,1,1,1,5,5,0,3,3,0,1,3
357,27,1,6,0,6,1,1,0,2,1,4,7,2,4,2,0,1,0
358,21,1,27,5,1,0,3,3,2,0,1,2,0,4,2,0,0,3
359,21,1,26,4,3,1,2,1,2,1,5,5,2,2,2,0,0,2
360,24,1,4,3,2,0,4,4,2,0,5,3,2,3,3,1,0,3
361,25,1,27,4,8,5,7,2,0,0,5,9,2,2,3,0,0,2
362,23,0,1,5,1,1,2,1,1,1,5,1,2,2,2,0,0,0
363,24,0,25,4,5,6,7,1,2,2,3,4,0,4,2,0,0,1
364,26,1,0,4,5,2,2,0,1,0,1,5,1,4,2,0,0,2
365,21,1,11,1,9,0,4,4,0,0,4,4,2,4,3,1,0,2
366,19,1,29,3,3,2,2,0,1,1,4,7,3,2,3,0,0,0
367,22,1,23,5,3,1,4,3,1,0,5,3,2,3,3,0,0,2
368,18,1,28,4,1,1,1,0,1,1,2,4,3,3,3,0,1,2
369,21,0,28,4,3,0,0,0,1,1,3,4,0,3,2,0,1,0
370,23,0,14,4,2,2,3,1,1,1,2,4,0,3,2,0,0,2
371,26,0,28,4,9,7,7,0,1,2,1,5,2,3,3,0,0,0
372,23,0,17,3,4,0,1,1,2,1,0,7,1,2,2,0,0,0
373,23,1,16,1,2,0,0,0,1,0,0,7,3,3,3,0,0,0
374,20,0,5,0,5,1,3,2,1,1,3,1,3,3,3,0,0,2
375,23,0,24,1,6,1,4,3,1,1,1,4,1,3,3,0,0,2
376,20,1,24,4,4,0,1,1,1,0,3,4,0,2,2,0,0,3
377,26,1,29,1,6,1,1,0,1,1,4,3,2,3,3,1,0,2
378,28,1,27,5,0,0,1,1,0,1,1,6,3,4,3,0,0,2
379,25,1,12,3,1,0,1,1,1,1,2,3,2,3,2,0,0,2
380,25,1,13,4,4,6,8,2,0,0,3,7,2,4,2,0,0,0
381,20,0,26,4,3,0,1,1,0,2,2,9,0,3,3,0,0,3
382,24,1,19,1,8,3,3,0,1,2,2,7,1,3,3,1,1,1
383,23,0,15,4,8,4,6,2,1,0,2,7,3,4,3,1,0,1
384,21,0,28,5,8,4,4,0,1,2,0,5,1,3,3,0,0,1
385,21,1,23,1,3,0,3,3,2,1,4,3,2,2,3,0,0,2
386,23,0,20,5,8,3,5,2,1,1,4,9,1,3,2,0,0,1
387,24,1,1,5,5,0,1,1,1,0,0,6,0,3,3,0,0,2
388,22,1,28,5,7,0,1,1,0,1,4,1,3,2,3,0,0,2
389,24,0,26,0,9,7,7,0,2,1,4,5,2,3,2,0,0,2
390,24,0,9,0,1,4,4,0,1,1,4,5,3,4,2,0,0,0
391,23,1,13,5,5,0,3,3,0,1,3,8,2,2,2,0,0,2
392,27,0,11,4,4,0,1,1,2,0,2,0,0,3,2,1,0,1
393,21,0,14,2,1,0,0,0,2,1,0,4,2,2,3,1,0,0
394,24,0,12,5,2,0,0,0,1,1,4,9,1,3,2,0,0,2
395,28,0,21,1,2,4,6,2,1,0,3,5,0,4,3,1,0,3
396,23,1,11,2,1,0,1,1,1,1,4,0,0,3,3,0,0,1
397,19,1,24,4,0,0,2,2,1,0,3,8,1,3,2,0,0,0
398,24,1,7,2,0,6,6,0,1,1,1,8,3,3,2,0,0,2
399,25,0,24,3,7,1,3,2,0,2,4,4,1,2,2,0,0,1
400,19,1,0,3,3,2,2,0,2,1,2,0,0,4,2,0,0,2
401,19,1,11,4,9,1,1,0,0,1,4,9,2,3,2,1,0,3
402,18,0,0,1,6,0,1,1,0,2,1,3,2,2,2,0,0,0
403,22,0,13,3,8,1,2,1,2,1,1,8,0,4,3,0,1,3
404,23,1,8,5,7,0,5,5,0,0,2,8,0,4,2,1,1,1
405,24,0,17,1,7,6,7,1,0,1,5,8,2,4,2,0,0,1
406,19,1,10,4,7,1,2,1,1,1,0,0,1,2,2,1,0,1
407,27,0,23,4,1,4,4,0,1,1,4,5,1,2,2,0,0,1
408,20,0,16,3,1,0,2,2,1,1,1,5,0,4,3,0,0,2
409,27,0,20,3,0,3,7,4,2,1,1,1,2,2,2,0,0,0
410,21,0,5,4,1,1,3,2,1,2,5,8,1,2,2,0,0,1
411,28,0,3,5,4,0,0,0,1,1,4,3,0,3,2,0,0,2
412,24,1,25,5,4,0,2,2,2,1,5,5,2,4,2,1,0,0
413,27,1,26,5,6,0,3,3,0,1,0,0,2,4,3,0,0,1
414,18,0,4,1,0,0,1,1,2,2,3,3,2,2,3,0,0,1
415,22,0,12,2,0,0,0,0,1,0,3,7,2,3,3,0,0,1
416,26,1,9,2,5,8,8,0,1,0,5,3,3,2,2,0,1,1
417,23,0,25,5,3,0,1,1,0,1,2,2,3,3,3,0,0,2
418,18,0,12,2,4,0,0,0,2,1,0,4,2,3,3,0,1,1
419,22,0,11,5,7,0,0,0,0,2,5,7,2,4,2,0,0,3
420,22,0,24,0,2,4,4,0,1,1,3,7,3,4,3,0,0,0
421,25,1,25,0,3,0,0,0,2,2,3,3,1,3,2,0,1,0
422,28,1,9,1,1,0,1,1,1,1,4,3,1,2,3,0,0,1
423,25,0,14,4,1,4,6,2,0,1,1,4,2,3,3,1,1,1
424,23,0,18,4,6,3,4,1,1,2,5,5,3,3,3,1,0,2
425,19,1,13,4,8,0,1,1,0,1,2,7,2,2,2,0,0,0
426,26,1,4,3,6,3,3,0,2,0,2,0,0,4,2,0,1,2
427,25,0,15,4,9,0,0,0,2,0,2,0,3,4,3,0,0,3
428,18,0,0,5,8,0,0,0,1,1,0,8,2,2,2,0,0,0
429,25,1,5,4,9,0,1,1,1,0,3,1,0,4,3,0,0,0
430,19,0,9,1,0,0,1,1,1,1,4,2,0,2,3,0,1,2
431,18,0,10,3,1,0,0,0,2,1,0,4,3,3,3,0,0,1
432,18,0,19,3,3,0,0,0,2,1,5,0,2,2,3,1,0,1
433,22,0,1,4,4,2,5,3,1,0,4,3,1,4,3,0,0,0
434,21,0,10,5,5,0,1,1,2,1,2,3,1,4,2,0,1,1
435,18,1,22,2,2,0,1,1,0,1,5,4,2,3,3,0,0,2
436,20,1,16,4,3,1,1,0,1,0,5,9,2,2,3,0,0,0
437,29,1,19,5,6,3,5,2,1,1,0,7,3,2,2,0,0,3
438,20,0,9,0,1,2,2,0,2,1,3,3,1,3,2,1,0,3
439,18,1,6,5,0,0,0,0,0,1,1,7,3,4,3,0,0,1
440,19,1,19,4,3,1,2,1,0,0,5,7,0,2,2,0,0,2
441,20,1,15,4,7,0,2,2,1,0,5,6,2,4,2,1,0,3
442,19,0,24,4,7,0,2,2,2,0,4,6,0,2,3,0,0,0
443,23,1,13,2,7,0,6,6,1,1,1,2,2,3,3,0,0,3
444,22,1,19,4,3,1,2,1,0,0,1,7,1,2,3,0,0,2
445,23,1,24,0,0,2,6,4,2,1,4,1,2,2,3,0,0,1
446,23,0,16,3,2,2,2,0,2,0,0,5,3,2,3,0,1,3
447,23,1,25,3,1,5,5,0,2,1,2,0,0,3,3,0,0,0
448,25,1,27,5,7,1,1,0,1,1,2,7,2,2,2,0,0,0
449,27,1,29,4,4,1,5,4,0,2,0,8,0,2,2,0,0,1
450,21,0,22,1,8,4,4,0,2,1,0,4,0,2,3,0,0,0
451,20,1,11,4,3,1,3,2,1,1,5,1,1,4,3,1,0,3
452,29,0,15,3,6,3,5,2,1,1,5,3,2,2,2,0,0,2
453,23,0,1,2,0,1,5,4,1,0,2,5,3,4,2,0,0,3
454,25,0,6,5,6,4,5,1,1,0,2,3,3,2,3,0,0,2
455,26,1,10,2,7,5,7,2,2,0,4,9,1,2,3,0,0,1
456,20,0,24,4,0,0,2,2,1,2,0,7,3,3,3,0,0,2
457,25,1,20,4,4,7,8,1,0,0,4,3,1,2,2,0,0,1
458,26,0,8,1,9,0,0,0,1,2,3,2,2,2,3,0,0,2
459,24,1,24,5,3,2,2,0,1,1,5,5,2,2,3,0,0,1
460,25,0,2,5,5,2,2,0,2,1,5,3,0,4,3,0,0,3
461,24,0,29,1,0,1,1,0,1,1,5,2,1,2,2,0,0,1
462,24,1,16,4,7,4,4,0,0,1,0,5,0,4,3,1,0,2
463,23,1,19,1,1,0,1,1,2,1,5,1,1,4,3,0,0,1
464,23,1,20,2,6,0,6,6,0,1,5,6,3,2,2,0,1,0
465,23,0,22,5,6,4,5,1,0,0,3,9,3,3,3,0,0,3
466,23,0,28,5,2,4,5,1,0,0,5,0,0,2,3,0,0,1
467,26,1,10,2,8,4,7,3,2,0,0,7,1,3,3,1,0,2
468,19,1,12,4,5,0,1,1,1,0,3,3,3,4,3,0,0,1
469,19,1,14,1,8,0,1,1,0,1,3,0,0,4,2,0,0,0
470,27,1,4,5,0,2,2,0,2,1,0,2,3,3,2,0,0,1
471,28,0,27,4,2,4,5,1,2,1,4,1,2,4,3,0,0,1
472,22,0,13,4,9,0,2,2,0,2,5,7,1,3,2,0,0,1
473,23,1,3,4,5,0,0,0,2,0,3,2,1,2,3,0,0,2
474,25,1,16,2,8,5,5,0,1,0,4,8,3,2,3,0,0,1
475,22,0,1,3,7,4,5,1,0,0,5,1,0,2,3,0,0,2
476,24,1,17,5,2,1,3,2,1,2,4,9,0,3,2,0,0,1
477,29,0,29,1,1,1,1,0,2,1,1,9,3,2,2,0,0,3
478,22,0,21,3,9,3,3,0,1,2,1,0,2,4,3,0,0,0
479,27,1,18,1,4,4,8,4,1,0,2,9,3,2,2,1,0,2
480,20,0,23,2,9,0,0,0,0,0,4,1,0,3,2,0,1,1
481,24,1,4,5,6,1,2,1,0,1,1,5,3,4,3,0,0,1
482,21,0,28,2,3,2,3,1,2,1,3,4,1,2,3,0,0,1
483,22,0,4,4,1,1,3,2,1,1,3,9,1,4,2,0,0,2
484,21,1,4,3,1,0,2,2,0,1,2,8,3,4,3,0,1,1
485,27,1,23,0,5,0,1,1,0,0,5,9,2,2,2,0,0,1
486,24,0,17,2,9,5,6,1,0,2,4,0,3,2,3,0,0,1
487,22,0,6,1,4,1,4,3,1,0,0,2,0,3,3,0,0,2
488,22,1,14,2,6,3,3,0,1,1,3,6,3,4,3,0,1,1
489,22,0,12,3,9,0,2,2,0,1,5,7,2,4,3,0,0,2
490,20,0,1,2,4,0,0,0,1,2,1,8,0,3,2,0,0,1
491,26,1,4,4,4,0,0,0,1,1,0,6,2,4,2,0,0,0
492,26,0,13,1,3,2,2,0,1,2,3,1,2,4,2,0,0,1
493,21,0,13,1,4,2,2,0,1,1,3,0,0,2,2,0,0,2
494,18,1,22,5,8,0,0,0,1,1,3,7,1,2,2,0,0,0
495,25,1,2,1,5,0,1,1,1,1,5,9,1,4,2,1,1,0
496,23,1,16,4,7,1,2,1,0,1,5,7,0,2,3,0,0,0
497,24,1,1,4,3,1,7,6,0,0,2,3,1,4,3,0,0,1
498,22,0,18,2,5,4,4,0,2,0,0,4,3,2,2,0,0,1
499,24,0,15,2,8,0,1,1,2,1,5,4,0,3,2,0,0,1
500,25,1,25,1,0,2,5,3,2,1,3,8,3,4,2,0,0,0
501,24,1,22,3,6,3,5,2,1,1,2,6,3,2,3,0,0,0
502,29,0,1,2,1,1,7,6,2,0,4,4,1,4,2,1,0,3
503,28,0,17,3,3,2,4,2,1,0,4,7,3,3,2,0,0,2
504,18,1,0,2,4,0,1,1,2,2,3,9,1,4,2,0,0,1
505,28,0,14,1,2,0,5,5,0,1,5,8,2,2,2,0,0,2
506,19,1,14,3,3,1,2,1,2,0,5,5,3,3,3,0,0,2
507,20,0,2,1,9,0,2,2,0,1,5,9,1,4,3,0,0,2
508,27,0,7,0,6,0,6,6,1,1,1,6,2,4,2,1,0,1
509,25,0,17,3,3,6,7,1,0,1,2,7,3,3,3,0,0,2
510,22,1,28,4,9,0,0,0,0,2,3,5,0,3,2,0,0,1
511,24,1,28,4,2,5,6,1,2,2,3,7,1,2,2,0,0,2
512,20,0,15,4,8,0,2,2,2,0,4,5,1,2,2,0,0,0
513,25,0,3,2,4,1,3,2,1,2,5,2,3,3,2,0,1,3
514,27,1,13,2,8,0,2,2,2,2,1,3,2,2,3,0,0,1
515,21,0,7,4,7,0,2,2,0,1,0,8,3,3,2,0,0,2
516,21,0,12,4,2,0,0,0,2,1,1,8,0,2,2,0,1,1
517,21,1,14,3,7,3,3,0,0,0,5,2,2,2,3,0,0,1
518,20,1,13,3,9,2,2,0,2,1,5,1,0,4,3,1,1,2
519,27,1,17,1,1,1,2,1,2,0,5,0,0,2,2,0,0,1
520,26,1,1,0,5,2,6,4,1,1,4,2,3,4,2,0,0,2
521,22,0,2,4,6,2,2,0,1,1,5,5,3,3,2,0,0,0
522,24,0,0,4,1,5,6,1,1,0,5,6,0,3,3,1,0,2
523,23,1,9,4,4,2,2,0,1,0,4,1,3,4,2,1,0,1
524,23,1,11,5,6,3,4,1,2,0,4,5,2,4,2,0,0,2
525,23,1,7,2,6,0,0,0,1,2,0,3,3,2,2,1,0,1
526,25,0,2,4,5,2,3,1,0,0,3,0,3,2,3,0,0,2
527,19,0,18,5,2,2,2,0,2,1,4,6,1,2,3,0,0,1
528,25,0,22,4,5,1,6,5,2,1,3,8,2,3,3,1,0,1
529,20,1,13,1,3,0,0,0,0,0,4,8,0,2,2,0,1,3
530,22,0,5,4,8,5,5,0,2,0,2,1,0,4,2,0,0,2
531,22,1,3,2,9,1,3,2,0,1,3,8,1,3,3,0,1,2
532,21,1,12,3,6,2,4,2,0,1,4,0,3,2,3,0,0,2
533,26,0,7,3,3,7,8,1,2,1,2,8,1,3,3,0,0,1
534,23,1,28,0,7,2,2,0,1,2,3,9,1,3,3,0,0,0
535,27,0,15,0,9,2,5,3,2,0,1,0,2,4,3,0,0,2
536,26,0,14,2,7,1,9,8,2,0,3,8,3,3,2,0,0,0
537,25,1,20,4,1,1,5,4,0,1,3,6,0,3,3,0,0,1
538,22,1,15,2,3,0,0,0,1,1,0,7,2,2,3,0,0,1
539,26,0,15,5,2,0,0,0,2,0,1,3,0,2,3,0,0,1
540,22,0,26,1,1,0,0,0,2,2,0,1,3,3,2,0,0,2
541,19,0,19,5,0,0,0,0,0,1,4,2,3,3,2,0,0,2
542,23,0,5,2,4,0,0,0,2,1,3,6,0,3,3,0,0,1
543,25,0,0,4,5,3,8,5,1,0,0,5,2,3,2,0,0,2
544,19,1,19,1,2,1,2,1,2,0,0,5,2,2,3,0,0,3
545,24,0,21,1,2,0,1,1,1,1,2,1,2,4,2,0,0,3
546,29,1,18,3,6,4,8,4,2,0,1,1,2,2,2,1,0,2
547,22,1,22,3,9,1,5,4,2,2,2,7,2,2,2,1,0,1
548,25,1,28,5,2,0,5,5,1,1,1,5,1,2,3,0,0,2
549,24,1,22,0,2,0,1,1,2,0,4,7,3,3,2,0,0,1
550,21,0,28,5,5,0,0,0,1,1,4,6,1,4,2,0,0,1
551,25,1,23,3,9,0,1,1,0,0,0,9,0,3,2,1,0,3
552,22,0,17,4,2,2,3,1,2,2,4,3,0,4,2,1,1,3
553,22,1,24,3,9,0,0,0,1,0,5,4,0,2,2,1,0,2
554,23,0,8,1,1,0,0,0,0,1,3,7,1,2,3,0,0,1
555,23,1,12,1,7,6,6,0,0,1,1,8,1,2,2,1,1,1
556,23,1,25,0,1,1,1,0,2,1,0,6,3,3,3,0,0,3
557,21,1,27,3,4,0,4,4,2,2,2,5,2,3,2,0,1,1
558,23,1,16,4,9,1,1,0,1,1,4,4,3,3,3,0,0,2
559,25,1,25,4,3,3,3,0,2,1,4,2,3,4,2,0,0,2
560,21,0,4,3,9,0,0,0,1,2,1,2,2,3,3,0,0,2
561,22,1,0,2,6,1,1,0,1,1,0,1,0,4,3,0,0,1
562,27,1,9,4,6,3,5,2,1,1,3,5,3,3,2,0,0,1
563,26,1,20,4,9,0,9,9,2,1,5,9,2,4,2,1,0,0
564,26,1,22,0,8,0,5,5,2,1,3,3,1,3,2,0,0,0
565,22,1,28,0,7,2,3,1,1,0,4,0,3,2,3,0,0,3
566,25,1,18,4,1,1,2,1,0,1,1,3,2,4,3,1,0,2
567,21,1,29,5,3,1,1,0,1,2,0,4,2,3,2,0,1,2
568,27,0,21,2,6,2,2,0,2,2,0,0,0,3,2,0,0,1
569,20,1,17,5,3,0,3,3,2,1,2,4,3,2,2,1,0,0
570,19,0,27,2,4,0,1,1,1,0,1,1,3,4,3,1,1,2
571,22,0,21,5,2,0,4,4,2,0,0,4,2,3,3,0,0,1
572,19,1,5,5,0,2,2,0,0,1,5,1,1,2,3,1,0,0
573,22,0,0,2,6,1,1,0,0,0,0,6,1,4,2,0,0,3
574,26,0,9,5,0,0,0,0,2,2,0,4,1,3,3,0,0,0
575,28,0,8,3,4,0,3,3,1,1,5,9,3,4,3,1,0,3
576,22,0,26,0,4,0,1,1,2,0,2,4,0,2,2,0,1,0
577,27,0,3,0,5,3,9,6,1,1,0,0,0,2,3,0,0,1
578,24,1,19,1,1,5,7,2,2,1,4,1,3,3,3,0,0,0
579,27,1,8,4,7,2,5,3,1,1,2,7,2,3,2,1,0,1
580,20,1,20,5,1,0,1,1,0,1,5,5,3,4,3,0,1,1
581,28,0,5,1,5,2,3,1,0,2,5,3,1,2,2,1,0,2
582,23,1,0,2,9,0,1,1,2,1,2,7,2,2,2,0,1,2
583,23,1,13,5,5,0,0,0,2,1,5,1,2,4,2,0,0,3
584,20,0,13,1,1,1,1,0,1,1,1,9,1,3,3,0,0,1
585,20,1,19,4,7,1,2,1,2,1,4,9,1,2,2,0,0,1
586,24,1,23,3,1,0,0,0,2,0,5,0,3,3,3,0,0,1
587,21,1,4,1,2,0,0,0,1,0,4,8,1,4,2,0,0,1
588,27,1,16,1,6,0,0,0,2,2,2,2,0,4,3,0,0,1
589,24,0,20,3,6,0,2,2,1,2,4,7,1,2,2,0,1,1
590,25,1,18,2,5,0,0,0,1,0,0,3,0,4,3,0,0,2
591,19,0,29,2,1,0,2,2,2,0,4,5,3,2,3,0,0,1
592,21,0,8,5,2,0,0,0,2,1,4,6,3,2,3,0,0,1
593,19,1,24,3,0,1,1,0,0,0,4,5,1,2,3,0,0,2
594,26,1,19,1,1,5,6,1,1,0,5,4,0,4,3,0,0,1
595,25,1,22,4,6,2,5,3,1,0,5,2,2,3,2,1,0,2
596,23,0,11,1,0,0,3,3,2,0,1,0,1,2,2,0,1,2
597,24,1,2,5,4,0,0,0,0,2,5,0,0,4,2,1,0,0
598,21,0,5,1,0,2,2,0,2,1,4,8,0,3,3,0,0,0
599,24,1,14,5,1,0,2,2,2,1,4,3,0,4,3,1,0,0
600,26,1,4,5,2,1,4,3,2,0,0,2,3,3,3,0,0,0
601,18,1,21,1,8,0,1,1,1,2,0,2,3,4,3,0,0,1
602,19,1,20,2,4,0,1,1,1,0,5,8,1,3,2,0,0,1
603,23,1,21,0,3,4,4,0,1,1,3,3,0,4,3,0,0,1
604,20,1,13,0,4,0,1,1,0,2,1,9,1,4,2,1,0,2
605,19,1,20,2,3,0,0,0,1,0,1,7,3,4,2,0,0,1
606,24,0,12,3,6,6,7,1,0,1,2,6,2,2,3,0,0,1
607,19,0,11,4,3,0,2,2,0,1,5,8,2,2,3,0,0,1
608,18,0,23,0,3,0,1,1,2,1,1,8,0,3,2,0,0,1
609,23,1,25,2,2,4,4,0,1,1,3,7,2,2,3,0,0,2
610,23,1,10,5,9,0,0,0,0,1,3,6,1,2,3,0,0,1
611,25,0,22,2,0,2,5,3,1,1,2,8,0,2,3,0,0,1
612,25,1,12,2,9,0,0,0,2,0,4,0,2,3,2,0,0,0
613,28,1,10,0,7,1,1,0,1,1,5,2,2,3,2,0,0,2
614,29,0,0,1,3,0,3,3,1,1,2,7,0,4,3,1,0,0
615,22,1,12,1,6,2,5,3,2,0,2,3,3,4,3,0,0,1
616,21,1,6,4,8,1,3,2,1,0,3,7,3,4,2,0,1,1
617,20,0,7,4,0,1,1,0,1,1,2,2,2,2,2,0,0,0
618,24,1,8,0,3,0,2,2,0,2,1,9,2,3,3,0,0,1
619,20,0,4,5,7,1,3,2,0,0,5,9,0,3,3,0,0,2
620,23,0,5,0,6,0,0,0,0,0,5,5,2,4,2,0,1,1
621,29,0,8,2,6,0,4,4,0,0,3,3,2,2,2,0,0,2
622,21,1,16,3,9,0,0,0,1,1,3,9,2,3,2,0,1,2
623,22,1,4,5,1,0,0,0,1,2,0,4,2,2,3,0,0,1
624,26,0,4,3,2,2,3,1,2,1,4,4,1,3,3,0,0,1
625,23,1,23,2,1,2,2,0,2,2,4,2,2,4,2,0,0,2
626,25,1,13,4,6,2,3,1,2,0,5,9,2,3,2,0,0,1
627,20,0,28,1,2,3,3,0,2,2,5,2,1,2,2,0,0,1
628,18,0,8,5,5,0,0,0,1,1,4,1,3,3,2,0,0,1
629,24,0,8,5,7,1,3,2,1,1,4,5,0,4,2,0,1,0
630,21,1,21,3,9,3,3,0,2,2,4,6,1,3,3,0,1,1
631,18,1,23,4,5,0,1,1,1,1,2,8,0,3,2,0,0,1
632,20,0,6,2,3,1,1,0,2,1,5,4,3,2,3,0,0,0
633,22,1,18,5,7,2,2,0,1,2,5,6,1,2,3,0,0,0
634,22,1,12,2,4,1,5,4,1,0,3,0,1,4,3,0,0,1
635,21,0,7,5,5,1,2,1,1,1,2,8,2,2,2,0,0,0
636,27,1,27,2,6,0,5,5,1,1,5,9,1,2,3,0,0,1
637,27,1,3,5,6,0,0,0,1,2,3,2,2,2,3,1,0,1
638,22,1,26,4,9,0,5,5,1,1,3,0,1,4,3,0,1,1
639,26,0,4,5,0,2,5,3,0,1,1,0,0,3,3,0,0,2
640,27,1,10,0,7,3,6,3,0,1,1,8,0,2,2,0,0,2
641,22,1,15,4,2,0,0,0,1,1,1,6,2,4,3,0,1,0
642,24,1,20,3,6,0,6,6,1,0,0,7,3,2,3,0,0,1
643,22,0,11,5,8,2,2,0,0,0,2,3,0,2,2,0,0,1
644,21,0,13,5,9,0,1,1,1,1,5,3,0,2,2,0,0,1
645,20,0,2,2,2,0,3,3,2,0,1,9,3,2,3,0,0,1
646,24,0,23,2,3,4,4,0,2,1,4,7,2,2,3,0,0,1
647,23,0,25,5,5,5,5,0,0,0,1,0,3,2,2,0,0,0
648,23,1,22,2,8,1,3,2,1,0,3,0,1,3,3,0,0,2
649,24,0,3,4,6,0,7,7,1,0,3,9,2,4,2,0,0,0
650,23,0,4,1,1,3,3,0,2,1,0,2,2,3,3,0,0,1
651,18,0,11,4,3,0,0,0,1,0,0,3,1,3,3,0,0,2
652,23,1,16,2,8,0,1,1,1,1,0,3,1,2,2,1,0,1
653,25,1,6,5,2,3,6,3,0,1,5,4,3,4,2,0,0,2
654,28,0,25,1,8,1,1,0,0,0,2,7,3,4,2,0,0,2
655,22,1,20,5,1,0,0,0,1,2,1,3,1,4,2,0,0,1
656,26,1,17,3,6,2,8,6,1,0,4,5,1,4,3,0,0,1
657,22,0,13,5,4,0,0,0,2,1,5,5,3,2,2,0,0,2
658,23,1,0,0,0,1,3,2,2,1,5,2,1,3,2,0,0,2
659,20,1,14,3,7,1,3,2,1,0,4,5,2,2,3,0,1,0
660,23,0,25,4,5,5,5,0,0,1,5,9,3,2,2,0,0,1
661,25,1,20,5,7,5,8,3,1,2,1,6,3,2,3,0,0,0
662,19,1,25,5,6,1,1,0,2,0,1,6,3,2,3,0,0,2
663,20,0,9,5,6,0,3,3,2,0,0,1,3,3,3,0,0,3
664,21,0,11,3,5,1,2,1,1,1,2,0,1,4,2,0,0,1
665,27,0,21,0,5,4,5,1,1,0,3,2,2,3,2,0,0,0
666,26,1,3,5,5,4,8,4,0,1,3,6,1,2,3,0,1,1
667,18,1,8,2,9,0,0,0,0,0,4,2,3,3,2,0,0,0
668,18,0,11,5,2,1,1,0,1,1,0,7,1,4,3,0,0,1
669,19,0,15,4,7,0,2,2,0,1,4,9,2,4,2,0,0,1
670,29,0,26,1,7,6,9,3,2,2,4,4,3,3,3,0,1,3
671,19,0,26,5,8,0,1,1,1,0,0,2,0,2,3,0,0,2
672,23,1,21,0,3,0,6,6,1,1,2,3,1,4,2,0,0,0
673,24,0,11,1,6,1,5,4,2,1,2,2,2,2,3,0,0,3
674,20,0,29,3,7,0,2,2,0,0,0,1,3,2,2,0,0,1
675,18,0,29,5,5,0,0,0,2,0,5,0,0,4,2,0,0,2
676,21,0,24,5,2,0,0,0,1,1,4,6,2,2,3,0,0,2
677,25,1,6,4,1,3,7,4,0,0,4,4,3,4,3,0,1,1
678,24,0,10,2,7,3,6,3,1,0,4,6,0,4,3,0,0,1
679,23,0,18,4,1,2,2,0,2,0,1,7,1,3,2,1,0,2
680,19,1,5,4,3,0,0,0,1,0,5,3,3,2,2,0,0,3
681,24,0,28,5,6,0,0,0,2,0,0,7,0,2,2,0,0,1
682,21,1,24,2,3,0,0,0,2,1,4,3,3,4,2,0,0,1
683,23,0,1,5,3,0,2,2,0,1,1,3,3,4,2,0,0,0
684,25,1,25,4,5,0,1,1,1,1,2,4,3,4,2,0,0,3
685,25,0,20,2,8,0,0,0,1,2,3,3,1,4,3,0,0,1
686,22,0,28,4,3,0,5,5,1,1,0,0,0,3,2,1,0,0
687,23,1,16,2,4,0,5,5,1,0,0,4,2,3,2,0,0,1
688,22,0,13,1,4,0,2,2,2,1,4,7,0,2,3,0,0,1
689,24,0,25,5,7,3,6,3,1,1,1,4,0,3,2,0,0,2
690,21,0,24,2,3,3,3,0,1,0,3,4,3,4,2,1,0,1
691,26,0,6,5,6,0,0,0,1,1,5,5,1,4,3,0,0,2
692,22,0,7,2,5,4,4,0,1,2,0,6,3,2,3,1,0,1
693,24,1,26,5,5,7,7,0,1,0,5,9,1,2,2,0,0,0
694,21,0,15,3,9,0,1,1,1,0,3,8,1,3,2,0,0,3
695,29,1,0,0,7,0,5,5,0,0,4,2,2,2,3,0,0,2
696,22,1,11,5,9,1,3,2,1,0,3,9,3,3,2,1,0,1
697,22,1,26,0,3,0,5,5,1,0,1,5,3,4,2,0,0,1
698,29,0,29,2,0,6,8,2,1,0,1,2,1,3,3,0,1,0
699,23,0,7,4,0,1,4,3,0,2,4,8,0,4,2,0,1,0
700,25,0,15,4,4,0,1,1,1,1,5,6,2,3,2,0,0,1
701,22,1,22,5,3,0,2,2,0,1,5,6,3,2,2,0,0,2
702,23,0,22,1,3,0,2,2,1,2,2,9,3,4,2,0,1,1
703,27,1,20,3,1,0,0,0,1,1,1,5,3,4,3,0,0,2
704,25,0,29,2,8,0,2,2,1,1,1,1,2,3,2,0,0,3
705,19,0,16,4,3,0,1,1,1,2,1,0,1,2,3,0,0,1
706,27,1,4,4,1,4,8,4,2,1,2,7,2,2,3,1,0,2
707,20,1,2,2,9,0,3,3,0,1,5,2,2,4,3,0,0,1
708,23,0,26,1,7,1,3,2,2,0,5,1,2,3,2,0,0,2
709,19,0,29,2,5,1,2,1,0,0,1,7,1,4,3,0,1,1
710,20,0,18,3,7,0,2,2,1,0,4,1,2,4,3,0,0,2
711,21,1,6,4,4,1,1,0,2,1,2,8,0,3,2,0,0,0
712,22,0,3,1,9,1,3,2,1,1,4,2,2,3,2,0,0,1
713,25,0,16,2,0,5,5,0,1,0,3,1,2,2,3,1,0,2
714,20,1,23,5,3,0,1,1,2,0,2,6,0,3,3,0,1,1
715,22,0,6,4,1,1,1,0,2,1,1,3,1,2,2,0,0,0
716,20,0,8,5,7,1,1,0,1,1,0,8,0,3,2,0,0,1
717,20,1,17,4,5,2,2,0,0,0,5,9,3,4,3,0,0,1
718,23,0,7,1,7,2,5,3,1,1,1,9,2,2,2,0,0,2
719,23,0,16,3,3,1,1,0,1,0,0,5,0,2,3,0,0,2
720,21,1,18,3,9,3,3,0,1,0,3,9,0,4,2,0,1,2
721,22,1,4,0,5,0,1,1,2,0,5,7,0,2,2,0,0,3
722,26,1,9,1,9,0,3,3,0,1,0,8,2,2,2,0,0,2
723,22,1,7,3,5,0,1,1,2,1,4,4,2,3,2,0,0,2
724,20,0,12,4,8,0,2,2,2,1,4,8,2,4,3,1,0,2
725,22,0,11,2,8,2,5,3,1,1,5,1,0,2,3,0,0,2
726,20,0,19,0,0,1,3,2,0,0,1,0,0,4,3,0,0,3
727,21,1,4,1,1,0,1,1,1,1,3,1,0,4,3,0,0,2
728,22,1,3,3,1,0,4,4,1,2,0,2,1,3,2,0,0,0
729,25,1,23,4,7,3,4,1,0,1,5,7,3,4,3,0,0,2
730,27,0,16,0,5,0,7,7,1,1,5,4,2,4,2,0,0,3
731,22,0,21,3,9,5,5,0,0,1,2,3,2,2,3,0,0,0
732,23,0,10,5,7,0,3,3,1,1,0,7,3,3,3,0,0,2
733,22,1,29,4,0,0,0,0,1,0,3,0,2,2,2,0,0,1
734,24,1,14,4,2,0,2,2,1,2,0,4,2,3,3,0,0,1
735,23,1,20,4,5,2,5,3,1,1,5,0,3,2,2,0,1,2
736,22,1,21,1,2,1,5,4,1,0,4,3,1,3,3,0,0,0
737,29,0,25,4,0,3,3,0,0,0,3,4,1,2,2,0,0,2
738,23,1,13,1,6,0,0,0,2,1,1,1,1,3,2,1,0,0
739,19,0,26,3,4,0,0,0,1,1,1,0,1,4,3,0,1,0
740,20,0,26,3,6,0,0,0,2,0,0,1,0,4,3,0,0,1
741,26,1,9,0,5,1,1,0,1,2,1,5,1,3,3,0,0,1
742,22,1,23,0,1,5,5,0,2,1,2,2,1,4,2,0,0,0
743,24,0,29,5,5,2,2,0,0,1,3,2,2,4,3,0,1,0
744,28,0,1,5,0,4,7,3,1,1,5,7,2,4,3,0,0,0
745,22,1,18,2,2,0,0,0,2,2,0,8,3,3,3,0,0,2
746,26,0,3,2,1,1,3,2,2,1,2,0,2,2,2,0,0,2
747,24,1,15,1,4,0,2,2,0,0,4,2,2,4,2,0,0,1
748,21,0,22,3,3,3,3,0,2,1,5,4,2,4,3,0,0,0
749,24,1,12,2,3,3,5,2,2,1,1,7,2,2,2,0,0,1
750,25,0,25,4,9,5,6,1,1,1,3,1,1,3,2,0,0,2
751,26,0,19,3,0,0,1,1,2,1,4,6,0,3,3,0,0,1
752,23,0,9,2,4,0,0,0,1,1,1,0,0,4,2,0,0,0
753,18,1,4,1,4,0,1,1,2,2,5,8,0,2,2,0,0,3
754,22,0,2,4,3,0,1,1,2,1,5,2,2,2,2,0,0,2
755,25,0,7,1,0,6,7,1,1,1,1,4,0,4,3,0,0,0
756,25,0,15,0,7,2,5,3,2,2,3,2,0,2,2,0,0,1
757,24,0,8,0,4,3,4,1,2,0,5,4,0,3,3,0,0,1
758,18,0,10,5,2,0,0,0,1,1,1,7,3,4,2,0,0,1
759,27,0,17,4,6,4,8,4,2,1,0,1,3,3,3,0,0,1
760,29,0,2,3,7,6,6,0,1,1,0,5,3,2,3,0,0,2
761,21,0,9,4,6,0,2,2,0,0,0,7,1,3,2,0,0,0
762,25,1,19,3,4,3,3,0,0,0,0,6,3,4,3,0,0,2
763,20,1,3,0,4,2,2,0,0,0,2,7,2,3,3,0,0,2
764,18,0,6,1,8,0,0,0,1,0,4,9,0,3,3,0,0,2
765,24,0,10,1,1,1,6,5,1,2,5,1,3,3,3,0,0,1
766,23,0,18,0,4,1,1,0,2,0,5,6,3,2,2,0,1,1
767,23,0,28,4,1,1,1,0,0,1,0,1,3,2,3,0,0,3
768,23,0,26,3,5,3,3,0,2,1,0,9,3,4,3,0,1,1
769,28,0,1,3,0,7,7,0,1,1,5,7,2,2,2,0,0,0
770,24,1,18,4,1,0,1,1,2,1,4,6,0,3,3,0,0,3
771,26,1,24,2,8,1,6,5,1,0,1,2,2,2,3,0,0,2
772,21,1,18,5,1,1,4,3,2,1,1,7,3,3,2,1,0,2
773,22,1,17,3,2,2,5,3,1,2,5,8,3,3,2,0,0,1
774,20,1,18,5,6,1,1,0,0,1,4,5,0,4,2,1,0,1
775,26,1,8,2,3,4,5,1,2,0,1,8,1,4,2,0,0,0
776,21,1,6,4,0,0,0,0,0,0,2,9,2,2,2,0,0,1
777,27,1,14,1,4,1,5,4,1,0,0,6,0,4,2,0,0,2
778,18,1,5,5,0,0,0,0,1,1,5,9,3,2,2,0,0,2
779,23,1,27,1,9,6,6,0,1,1,3,5,0,2,3,0,1,1
780,20,0,22,5,6,0,0,0,2,0,0,9,1,3,3,0,0,1
781,24,1,23,4,8,3,3,0,1,1,5,1,1,2,2,1,0,0
782,18,1,8,1,5,0,0,0,0,0,1,5,3,4,2,0,0,2
783,20,1,27,4,5,0,0,0,0,1,1,2,2,2,3,0,0,0
784,22,0,8,1,9,0,0,0,1,1,1,9,3,3,3,0,0,1
785,22,0,4,1,0,0,4,4,0,1,0,9,0,4,3,1,0,1
786,28,0,23,4,9,0,9,9,2,1,3,1,2,4,2,0,0,1
787,19,1,7,4,2,2,2,0,1,2,4,9,0,4,2,0,0,2
788,24,1,26,2,4,1,2,1,0,1,0,2,1,4,2,0,0,1
789,18,0,28,0,9,0,0,0,1,0,5,8,3,4,2,0,0,2
790,21,1,7,1,1,0,2,2,1,0,0,6,0,3,3,0,0,1
791,18,0,16,1,2,0,1,1,1,0,2,8,2,4,3,0,0,0
792,23,0,23,4,6,2,3,1,1,0,5,2,2,3,2,0,0,0
793,18,1,9,1,1,0,0,0,2,1,5,6,0,4,2,0,0,1
794,28,0,3,3,5,8,8,0,0,1,1,8,1,2,3,0,0,1
795,22,1,12,3,6,2,2,0,2,1,1,5,0,2,2,0,0,0
796,20,0,3,3,2,1,2,1,2,2,4,6,3,4,2,1,0,1
797,22,0,29,3,5,1,1,0,2,0,1,7,3,3,2,0,0,2
798,24,1,0,3,3,0,3,3,1,0,4,8,2,2,2,0,0,1
799,21,0,7,3,4,1,4,3,2,0,0,8,0,2,2,0,0,1
800,18,1,1,2,2,0,0,0,2,0,4,3,0,4,2,0,1,0
801,25,1,5,1,7,0,1,1,2,0,4,3,1,3,3,0,0,3
802,28,0,27,5,2,4,7,3,1,1,1,8,1,3,3,0,0,3
803,24,1,19,1,2,0,2,2,1,1,5,0,1,2,2,0,0,1
804,23,0,27,4,8,1,2,1,1,2,4,4,1,2,2,0,1,0
805,19,0,15,5,2,0,1,1,2,0,4,8,3,2,2,0,0,1
806,24,1,19,0,0,0,0,0,1,2,5,6,0,3,2,0,1,1
807,26,1,2,2,8,0,9,9,1,1,3,4,3,2,2,1,0,1
808,27,1,27,3,9,4,4,0,2,1,4,7,1,3,3,0,0,2
809,22,0,18,1,0,1,3,2,2,1,0,4,0,2,2,0,0,0
810,23,0,19,5,0,2,2,0,2,1,0,8,0,4,3,0,0,1
811,21,1,7,3,0,1,1,0,1,0,4,5,0,3,2,0,0,1
812,24,1,11,2,2,0,4,4,1,0,3,7,1,3,2,1,0,2
813,22,0,28,5,5,0,5,5,1,1,5,2,0,4,2,0,0,1
814,21,1,7,2,2,1,1,0,1,1,0,1,3,3,2,1,0,3
815,23,0,16,3,1,1,3,2,0,2,4,5,2,4,2,1,0,2
816,25,0,0,4,4,1,5,4,2,1,4,6,3,4,2,0,0,2
817,23,0,27,3,3,0,4,4,1,1,0,5,3,2,3,0,0,2
818,24,1,19,5,6,3,3,0,1,1,4,8,3,3,3,0,1,1
819,23,1,18,4,9,1,3,2,2,1,1,5,1,2,3,0,0,0
820,24,0,14,3,9,1,4,3,1,1,2,1,3,3,3,0,0,0
821,29,1,17,5,8,0,0,0,1,1,0,8,2,2,3,0,1,2
822,20,0,29,2,2,1,3,2,1,0,0,4,2,4,3,0,0,1
823,28,1,15,2,9,3,3,0,0,2,2,9,1,3,3,1,0,0
824,23,1,25,0,5,0,0,0,0,1,4,2,0,4,2,0,0,2
825,25,1,21,3,7,1,7,6,0,0,0,1,2,4,2,0,0,2
826,19,1,4,3,3,0,0,0,0,0,1,3,0,2,2,0,0,3
827,21,1,28,1,9,0,0,0,2,0,0,3,1,3,2,0,0,2
828,21,1,2,5,2,0,3,3,0,2,0,7,0,2,3,0,0,1
829,21,0,21,1,5,0,0,0,2,1,3,0,1,4,3,0,0,1
830,25,1,19,5,1,0,4,4,0,2,4,3,3,2,3,0,0,0
831,27,0,25,3,7,0,5,5,2,0,0,5,0,2,3,0,1,2
832,25,1,17,5,4,5,6,1,2,1,5,2,0,2,3,0,0,0
833,22,0,7,1,1,0,1,1,1,1,4,4,2,3,3,1,1,0
834,18,0,24,1,0,0,0,0,0,0,2,0,1,3,2,0,0,1
835,24,1,10,2,5,3,3,0,2,1,0,0,2,3,3,0,0,1
836,24,1,28,0,0,2,2,0,1,0,3,9,3,2,3,0,0,1
837,20,1,5,5,7,3,3,0,1,0,5,8,1,4,2,0,1,1
838,25,1,27,1,9,7,7,0,2,1,1,9,1,2,3,0,0,1
839,19,1,20,1,4,1,2,1,1,2,4,4,3,3,2,0,0,2
840,23,0,19,4,4,1,6,5,2,1,5,0,3,3,3,0,0,1
841,26,0,25,2,8,3,6,3,0,2,0,9,0,2,3,0,0,0
842,25,1,29,3,9,3,3,0,0,1,0,9,0,4,2,0,0,1
843,22,1,16,2,7,0,1,1,0,1,3,3,1,2,3,0,0,2
844,20,1,24,1,2,1,3,2,0,1,3,4,1,2,2,0,0,2
845,27,0,6,3,8,2,3,1,2,0,4,1,2,3,2,0,0,0
846,23,1,29,5,3,1,2,1,2,1,3,7,1,2,2,0,0,2
847,24,0,25,5,1,1,1,0,1,0,0,1,1,4,3,0,0,3
848,21,1,6,2,6,2,4,2,2,2,1,6,2,3,3,0,0,0
849,23,1,21,2,1,0,0,0,1,1,1,9,3,2,2,0,0,1
850,21,1,22,2,1,0,0,0,0,0,5,1,0,3,2,0,0,2
851,24,1,22,5,2,0,1,1,0,1,5,8,0,2,2,0,0,0
852,20,1,14,5,9,0,0,0,1,1,1,4,3,3,3,0,0,3
853,28,1,29,0,7,6,6,0,0,1,5,0,1,3,3,0,0,3
854,21,1,23,2,1,1,4,3,1,1,4,6,2,3,2,0,0,2
855,18,1,20,4,4,0,0,0,1,2,1,6,0,3,3,0,1,1
856,20,0,27,3,9,1,2,1,2,1,0,7,2,2,3,0,0,2
857,27,0,23,5,5,1,2,1,2,2,4,3,1,4,2,0,0,2
858,27,1,19,0,0,0,0,0,1,2,3,7,0,3,3,0,0,2
859,22,1,13,4,2,1,2,1,1,0,1,9,0,3,2,0,0,2
860,21,0,18,2,7,0,0,0,2,2,2,6,2,2,2,0,1,2
861,19,0,8,5,4,0,0,0,2,0,1,5,1,4,3,0,0,1
862,18,1,8,2,9,0,1,1,0,2,0,1,0,3,3,0,0,2
863,21,1,8,2,7,0,3,3,2,1,1,5,2,2,2,0,0,0
864,22,1,13,1,9,3,4,1,1,0,2,1,1,4,2,0,0,0
865,21,0,7,5,9,2,2,0,1,2,0,4,2,3,3,0,0,3
866,22,0,23,2,7,0,2,2,0,1,2,5,0,2,3,0,1,0
867,26,0,7,5,7,5,5,0,2,0,3,9,1,2,2,0,0,3
868,29,0,3,1,0,1,9,8,2,0,4,0,3,2,3,0,0,0
869,22,1,7,5,2,0,0,0,1,0,4,1,2,2,2,0,0,1
870,24,1,23,4,2,1,2,1,1,1,5,9,3,2,2,0,0,0
871,25,1,28,4,9,1,5,4,2,0,4,5,1,4,2,0,1,0
872,25,0,0,3,4,3,3,0,2,0,3,1,0,4,2,0,0,3
873,29,0,25,1,5,4,5,1,2,0,3,8,1,4,3,1,1,1
874,23,1,16,1,7,0,0,0,1,2,4,8,1,4,2,1,0,3
875,26,1,15,2,3,4,4,0,2,1,0,1,0,3,3,0,0,2
876,21,0,16,4,4,0,0,0,0,1,3,8,1,2,2,0,0,1
877,22,0,15,4,1,0,0,0,1,0,4,6,0,4,2,1,1,0
878,23,1,15,2,3,0,0,0,1,1,5,2,1,3,2,0,0,1
879,22,0,19,1,1,0,1,1,1,0,1,3,2,2,3,0,0,0
880,19,1,24,5,6,1,2,1,2,0,5,7,2,2,2,0,0,0
881,25,0,29,4,7,4,4,0,2,1,0,5,0,4,3,0,1,2
882,25,1,3,2,3,6,7,1,0,1,3,3,3,2,3,0,0,2
883,29,1,21,4,7,4,7,3,0,1,0,3,1,2,2,0,0,2
884,19,0,3,5,0,1,2,1,0,0,1,2,1,3,3,0,0,2
885,18,0,27,3,2,0,0,0,2,2,1,6,1,3,3,0,0,3
886,26,1,19,1,2,4,9,5,0,1,2,6,2,3,2,0,0,3
887,23,0,10,5,7,2,4,2,1,0,4,8,0,4,3,1,0,1
888,21,1,8,1,0,0,0,0,1,1,2,2,1,4,3,0,0,1
889,23,1,21,3,3,0,3,3,1,0,1,3,1,3,2,0,0,1
890,28,0,4,4,2,0,0,0,1,0,0,7,1,4,3,0,0,0
891,22,0,22,4,9,2,2,0,0,2,3,9,1,2,2,0,0,1
892,25,0,21,5,1,1,2,1,1,0,1,9,2,4,2,0,1,0
893,20,0,18,0,4,0,1,1,1,0,5,7,3,3,3,1,0,1
894,27,0,16,2,6,2,4,2,1,0,0,7,0,4,2,1,0,1
895,28,1,14,4,2,2,8,6,1,1,0,9,3,4,2,0,0,0
896,19,0,11,5,8,0,0,0,0,1,1,7,0,4,3,0,0,1
897,18,0,14,3,9,0,0,0,2,0,0,0,3,4,2,0,0,0
898,19,0,13,2,6,2,2,0,0,1,3,7,0,2,2,0,0,1
899,24,1,9,0,4,1,4,3,2,2,5,8,0,3,3,0,0,0
900,23,0,25,4,8,2,6,4,1,2,3,4,0,4,3,0,0,1
901,23,0,5,1,4,0,1,1,0,0,5,6,2,4,2,1,0,2
902,26,0,2,2,8,6,7,1,0,1,0,2,2,2,3,0,1,0
903,28,0,5,3,7,4,4,0,0,1,1,8,3,2,3,0,0,1
904,20,0,18,0,4,1,2,1,0,2,1,2,2,2,2,0,0,0
905,26,0,24,2,2,5,7,2,2,0,0,7,3,3,3,0,0,1
906,24,0,25,3,1,2,3,1,0,1,2,2,3,2,3,0,0,1
907,24,0,16,4,4,1,3,2,0,2,5,9,2,4,3,0,1,2
908,22,0,1,4,3,4,4,0,1,0,4,4,0,4,3,1,1,1
909,19,1,15,2,6,2,2,0,1,0,0,3,0,2,2,0,0,0
910,20,1,22,1,7,0,0,0,1,0,5,1,0,3,2,1,0,2
911,24,1,16,1,7,0,0,0,2,1,4,4,0,4,2,0,0,1
912,27,0,28,3,2,1,7,6,2,1,4,7,1,2,3,0,1,0
913,21,0,26,4,7,0,1,1,1,0,1,9,2,2,2,0,0,2
914,20,1,3,1,9,0,1,1,2,0,4,0,1,2,2,0,0,1
915,26,1,23,0,1,7,8,1,1,0,0,2,1,3,2,0,1,1
916,21,0,27,0,9,0,0,0,0,0,2,9,1,2,3,0,0,0
917,18,1,14,5,5,0,0,0,0,0,5,5,2,3,2,0,1,3
918,24,1,1,4,2,0,0,0,0,0,4,6,1,3,3,0,0,2
919,21,0,16,0,2,1,1,0,1,0,0,7,2,2,2,0,0,1
920,21,0,4,5,3,0,3,3,1,1,0,0,0,3,3,0,1,0
921,26,0,15,2,6,8,8,0,0,0,4,6,3,4,3,0,1,3
922,20,0,22,1,6,0,0,0,1,1,5,6,3,4,3,0,1,0
923,21,0,4,1,8,2,2,0,1,0,4,9,0,4,3,1,0,0
924,26,1,5,1,2,0,0,0,0,0,0,3,0,3,2,1,0,1
925,25,0,13,2,2,0,4,4,2,1,0,9,1,2,2,0,0,3
926,26,0,28,5,0,0,5,5,1,0,5,9,3,2,3,0,0,3
927,22,0,16,3,5,0,0,0,2,2,2,8,1,2,3,1,0,2
928,26,1,6,5,0,1,1,0,1,0,5,0,2,3,3,0,0,1
929,19,1,8,5,4,2,2,0,0,2,5,2,3,2,3,1,1,1
930,25,1,1,4,3,1,4,3,0,1,2,4,0,4,2,0,0,3
931,19,1,11,2,9,1,2,1,0,2,3,9,0,2,3,0,0,1
932,24,0,22,1,9,4,7,3,1,1,3,1,0,2,2,0,0,2
933,21,0,22,3,9,0,0,0,1,1,2,5,3,2,2,0,1,3
934,22,0,24,4,4,2,2,0,0,1,4,0,1,4,3,0,0,3
935,25,1,1,3,6,0,5,5,2,2,2,8,3,3,2,0,0,1
936,28,1,10,2,7,1,7,6,0,1,1,4,3,3,2,0,0,0
937,24,0,8,3,8,0,3,3,2,0,1,3,2,2,2,0,0,1
938,25,1,21,5,7,2,2,0,1,1,5,1,0,2,3,1,0,1
939,24,1,25,0,1,0,0,0,1,1,3,8,1,3,2,0,0,1
940,23,1,11,4,5,3,3,0,1,1,1,1,0,2,3,0,0,1
941,25,0,21,2,9,4,7,3,2,0,5,5,1,2,3,0,0,2
942,25,0,29,0,4,6,6,0,1,1,4,9,2,4,2,0,0,1
943,23,1,1,5,1,1,2,1,1,2,0,9,2,3,2,0,1,1
944,23,0,26,5,7,1,1,0,1,2,2,0,2,3,2,0,0,3
945,27,1,21,4,0,1,5,4,2,1,4,3,2,4,3,0,1,2
946,27,1,18,1,1,1,1,0,2,1,0,6,0,4,3,0,0,2
947,18,0,5,3,6,0,0,0,1,1,1,9,2,2,3,0,0,3
948,24,0,18,4,2,0,0,0,1,1,0,3,1,4,3,1,1,2
949,23,0,4,5,6,2,2,0,1,0,4,0,3,2,2,1,0,1
950,22,0,12,1,7,0,1,1,2,1,4,0,3,3,3,1,0,2
951,24,0,25,1,4,3,5,2,0,0,0,0,3,4,2,0,1,1
952,28,0,3,0,3,3,8,5,2,1,5,9,0,2,3,0,0,2
953,20,1,12,2,9,1,2,1,0,2,3,8,2,2,2,0,0,2
954,23,0,4,2,4,1,2,1,1,0,1,7,1,4,3,0,0,0
955,21,0,20,5,6,0,0,0,0,0,2,0,0,4,2,0,0,2
956,25,0,17,5,8,1,1,0,2,0,5,6,2,3,3,0,0,3
957,22,1,12,2,6,1,1,0,0,2,4,3,3,2,3,0,0,3
958,21,1,29,3,0,2,3,1,1,1,3,2,0,2,3,0,0,1
959,18,1,21,4,3,0,0,0,2,0,0,8,0,4,2,0,1,1
960,26,1,1,1,5,2,7,5,2,2,4,2,1,2,2,0,0,1
961,21,0,16,2,2,1,1,0,0,0,5,2,1,4,3,1,0,0
962,20,1,9,5,5,0,1,1,0,0,2,4,3,4,3,0,0,3
963,25,1,14,3,1,0,0,0,1,1,4,8,2,3,3,0,0,1
964,20,0,16,4,4,0,0,0,2,0,1,1,1,3,3,0,1,0
965,23,0,3,4,1,1,3,2,2,0,5,5,3,2,2,0,0,3
966,22,0,5,2,4,1,2,1,1,1,3,8,1,4,3,0,0,3
967,20,1,13,1,0,0,1,1,2,1,3,3,0,2,3,0,0,3
968,19,1,3,5,8,1,2,1,2,0,0,6,1,2,2,1,0,0
969,19,0,26,5,4,0,0,0,1,2,3,7,0,4,3,0,0,0
970,18,1,7,4,8,0,0,0,1,1,5,0,0,4,3,0,0,1
971,20,1,6,2,0,1,3,2,2,1,0,2,2,4,2,0,0,1
972,18,1,27,0,5,0,1,1,2,1,5,7,1,3,3,1,0,1
973,23,0,21,2,3,0,4,4,0,2,0,1,3,3,3,0,1,0
974,22,0,22,0,6,1,1,0,1,1,2,8,2,2,3,0,0,2
975,27,0,14,4,6,0,4,4,0,1,2,7,2,3,3,0,0,1
976,26,0,23,5,7,0,3,3,0,2,5,4,2,4,3,0,0,1
977,27,0,12,2,9,0,1,1,1,1,5,8,0,2,2,0,0,0
978,20,1,10,3,2,3,3,0,2,0,0,2,2,2,2,1,0,1
979,21,1,8,1,8,3,4,1,1,2,1,6,2,2,3,0,0,0
980,20,1,8,2,8,1,1,0,2,1,3,2,2,4,2,0,1,0
981,24,1,22,0,3,0,0,0,1,0,0,4,2,4,2,0,0,3
982,27,0,6,2,7,3,4,1,1,0,1,2,0,4,3,0,1,1
983,23,1,19,5,3,2,2,0,1,0,1,7,0,2,2,0,0,0
984,27,0,3,4,6,3,7,4,0,1,0,9,0,2,2,0,0,0
985,23,1,9,2,7,4,6,2,1,0,2,7,0,3,2,0,0,0
986,20,1,11,1,3,1,2,1,0,0,0,5,3,2,2,0,0,1
987,25,0,9,0,8,2,3,1,1,1,1,8,2,2,2,0,0,1
988,20,0,10,1,6,0,1,1,2,2,0,8,1,3,2,0,0,2
989,22,0,4,2,0,0,0,0,1,1,2,7,2,4,2,1,0,1
990,25,1,1,0,4,7,7,0,0,0,5,8,0,2,2,1,0,2
991,25,0,4,5,8,3,6,3,1,1,5,0,1,2,2,0,0,0
992,26,0,15,1,3,0,1,1,2,0,4,3,0,3,2,0,1,1
993,25,1,5,0,1,1,5,4,0,0,5,1,1,2,2,0,1,2
994,25,1,1,4,6,1,4,3,2,1,3,5,3,2,2,0,0,0
995,25,0,20,5,6,4,4,0,1,1,4,4,2,3,2,0,0,1
996,19,0,8,4,6,1,2,1,1,0,1,6,1,2,3,1,0,2
997,23,1,10,0,9,0,0,0,2,0,1,6,2,4,2,1,0,2
998,25,0,17,3,6,1,3,2,1,1,0,2,0,2,2,0,0,0
999,27,0,18,2,1,7,8,1,2,0,1,0,1,2,3,0,0,2
1000,21,0,0,3,8,0,0,0,2,0,5,8,0,4,2,0,0,0
